{"expires":1763825185191,"version":"0.2.0","data":[{"style":"normal","weight":[100,900],"src":[{"url":"https://fonts.gstatic.com/s/geist/v4/gyByhwUxId8gMEwYGFWNOITddY4.woff2","format":"woff2"}],"unicodeRange":["U+0301","U+0400-045F","U+0490-0491","U+04B0-04B1","U+2116"],"meta":{"priority":0}},{"style":"normal","weight":[100,900],"src":[{"url":"https://fonts.gstatic.com/s/geist/v4/gyByhwUxId8gMEwSGFWNOITddY4.woff2","format":"woff2"}],"unicodeRange":["U+0100-02BA","U+02BD-02C5","U+02C7-02CC","U+02CE-02D7","U+02DD-02FF","U+0304","U+0308","U+0329","U+1D00-1DBF","U+1E00-1E9F","U+1EF2-1EFF","U+2020","U+20A0-20AB","U+20AD-20C0","U+2113","U+2C60-2C7F","U+A720-A7FF"],"meta":{"priority":0}},{"style":"normal","weight":[100,900],"src":[{"url":"https://fonts.gstatic.com/s/geist/v4/gyByhwUxId8gMEwcGFWNOITd.woff2","format":"woff2"}],"unicodeRange":["U+0000-00FF","U+0131","U+0152-0153","U+02BB-02BC","U+02C6","U+02DA","U+02DC","U+0304","U+0308","U+0329","U+2000-206F","U+20AC","U+2122","U+2191","U+2193","U+2212","U+2215","U+FEFF","U+FFFD"],"meta":{"priority":0}},{"style":"normal","weight":100,"src":[{"url":"https://fonts.gstatic.com/l/font?kit=gyBhhwUxId8gMGYQMKR3pzfaWI_RnOI4ng&skey=70a816dcd17c8a3c&v=v4","format":"woff"}],"meta":{"priority":1}},{"style":"normal","weight":200,"src":[{"url":"https://fonts.gstatic.com/l/font?kit=gyBhhwUxId8gMGYQMKR3pzfaWI_RHOM4ng&skey=70a816dcd17c8a3c&v=v4","format":"woff"}],"meta":{"priority":1}},{"style":"normal","weight":300,"src":[{"url":"https://fonts.gstatic.com/l/font?kit=gyBhhwUxId8gMGYQMKR3pzfaWI_RwuM4ng&skey=70a816dcd17c8a3c&v=v4","format":"woff"}],"meta":{"priority":1}},{"style":"normal","weight":400,"src":[{"url":"https://fonts.gstatic.com/l/font?kit=gyBhhwUxId8gMGYQMKR3pzfaWI_RnOM4ng&skey=70a816dcd17c8a3c&v=v4","format":"woff"}],"meta":{"priority":1}},{"style":"normal","weight":500,"src":[{"url":"https://fonts.gstatic.com/l/font?kit=gyBhhwUxId8gMGYQMKR3pzfaWI_RruM4ng&skey=70a816dcd17c8a3c&v=v4","format":"woff"}],"meta":{"priority":1}},{"style":"normal","weight":600,"src":[{"url":"https://fonts.gstatic.com/l/font?kit=gyBhhwUxId8gMGYQMKR3pzfaWI_RQuQ4ng&skey=70a816dcd17c8a3c&v=v4","format":"woff"}],"meta":{"priority":1}},{"style":"normal","weight":700,"src":[{"url":"https://fonts.gstatic.com/l/font?kit=gyBhhwUxId8gMGYQMKR3pzfaWI_Re-Q4ng&skey=70a816dcd17c8a3c&v=v4","format":"woff"}],"meta":{"priority":1}},{"style":"normal","weight":800,"src":[{"url":"https://fonts.gstatic.com/l/font?kit=gyBhhwUxId8gMGYQMKR3pzfaWI_RHOQ4ng&skey=70a816dcd17c8a3c&v=v4","format":"woff"}],"meta":{"priority":1}},{"style":"normal","weight":900,"src":[{"url":"https://fonts.gstatic.com/l/font?kit=gyBhhwUxId8gMGYQMKR3pzfaWI_RNeQ4ng&skey=70a816dcd17c8a3c&v=v4","format":"woff"}],"meta":{"priority":1}}]}