{
  "$ref": "#/definitions/articles",
  "definitions": {
    "articles": {
      "type": "object",
      "properties": {
        "cover": {
          "type": "string"
        },
        "coverAlt": {
          "type": "string"
        },
        "title": {
          "type": "string"
        },
        "slug": {
          "type": "string"
        },
        "snippet": {
          "type": "string"
        },
        "category": {
          "type": "string"
        },
        "pubDate": {
          "anyOf": [
            {
              "type": "string",
              "format": "date-time"
            },
            {
              "type": "string",
              "format": "date"
            },
            {
              "type": "integer",
              "format": "unix-time"
            }
          ]
        },
        "readingDuration": {
          "type": "number"
        },
        "originalLink": {
          "type": "string",
          "format": "uri"
        },
        "isDraft": {
          "type": "boolean",
          "default": false
        },
        "updatedDate": {
          "anyOf": [
            {
              "type": "string",
              "format": "date-time"
            },
            {
              "type": "string",
              "format": "date"
            },
            {
              "type": "integer",
              "format": "unix-time"
            }
          ]
        },
        "author": {
          "type": "string",
          "default": "Retro Rocket Team"
        },
        "relatedArticles": {
          "type": "array",
          "items": {
            "anyOf": [
              {
                "type": "string"
              },
              {
                "type": "object",
                "properties": {
                  "id": {
                    "type": "string"
                  },
                  "collection": {
                    "type": "string"
                  }
                },
                "required": [
                  "id",
                  "collection"
                ],
                "additionalProperties": false
              },
              {
                "type": "object",
                "properties": {
                  "slug": {
                    "type": "string"
                  },
                  "collection": {
                    "type": "string"
                  }
                },
                "required": [
                  "slug",
                  "collection"
                ],
                "additionalProperties": false
              }
            ]
          }
        },
        "$schema": {
          "type": "string"
        }
      },
      "required": [
        "cover",
        "coverAlt",
        "title",
        "slug",
        "snippet",
        "category",
        "pubDate",
        "readingDuration",
        "originalLink"
      ],
      "additionalProperties": false
    }
  },
  "$schema": "http://json-schema.org/draft-07/schema#"
}